"","SiteCode","Species","Length_mm","Wt_g","logW","logL","Date","HUC12Watershed"
"1","CR0-SY","Tessellated Darter",43,0.5,-0.301029996,1.633468456,"6/3/2022","020502061005 Buffalo Creek"
"2","CR0-SY","Tessellated Darter",64,2.2,0.342422681,1.806179974,"6/3/2022","020502061005 Buffalo Creek"
"3","CR0-SY","Tessellated Darter",72,3.6,0.556302501,1.857332496,"6/3/2022","020502061005 Buffalo Creek"
"4","CR0-SY","Tessellated Darter",59,2.1,0.322219295,1.770852012,"6/3/2022","020502061005 Buffalo Creek"
"5","CR0-SY","Tessellated Darter",55,1.6,0.204119983,1.740362689,"6/3/2022","020502061005 Buffalo Creek"
"6","CR0-SY","Tessellated Darter",45,0.8,-0.096910013,1.653212514,"6/5/2023","020502061005 Buffalo Creek"
"7","CR0-SY","Tessellated Darter",52,1,0,1.716003344,"6/5/2023","020502061005 Buffalo Creek"
"8","CR0-SY","Tessellated Darter",59,1.7,0.230448921,1.770852012,"6/5/2023","020502061005 Buffalo Creek"
"9","CR0-SY","Tessellated Darter",36,0.4,-0.397940009,1.556302501,"6/5/2023","020502061005 Buffalo Creek"
"10","Darling.Pine","Tessellated Darter",67,2.7,0.431363764,1.826074803,"7/18/2022","020502050601 Trout Run-Pine Creek"
"11","EC0-ML","Tessellated Darter",65,2.2,0.342422681,1.812913357,"6/6/2022","020503010201 Elk Creek"
"12","EC0-ML","Tessellated Darter",63,2.1,0.322219295,1.799340549,"6/6/2022","020503010201 Elk Creek"
"13","EC0-ML","Tessellated Darter",63,2.4,0.380211242,1.799340549,"6/6/2022","020503010201 Elk Creek"
"14","EC0-ML","Tessellated Darter",62,2.2,0.342422681,1.792391689,"6/6/2022","020503010201 Elk Creek"
"15","EC0-ML","Tessellated Darter",53,1.3,0.113943352,1.72427587,"6/6/2022","020503010201 Elk Creek"
"16","EC0-ML","Tessellated Darter",46,1,0,1.662757832,"6/6/2022","020503010201 Elk Creek"
"17","EC0-ML","Tessellated Darter",57,2.2,0.342422681,1.755874856,"6/6/2022","020503010201 Elk Creek"
"18","EC0-ML","Tessellated Darter",63,1.4,0.146128036,1.799340549,"6/6/2022","020503010201 Elk Creek"
"19","EC0-ML","Tessellated Darter",58,2.1,0.322219295,1.763427994,"6/6/2022","020503010201 Elk Creek"
"20","EC0-ML","Tessellated Darter",66,1.6,0.204119983,1.819543936,"6/6/2022","020503010201 Elk Creek"
"21","EC0-ML","Tessellated Darter",62,1.7,0.230448921,1.792391689,"6/6/2022","020503010201 Elk Creek"
"22","EC0-ML","Tessellated Darter",55,1.8,0.255272505,1.740362689,"6/6/2022","020503010201 Elk Creek"
"23","EC0-ML","Tessellated Darter",44,0.4,-0.397940009,1.643452676,"6/6/2022","020503010201 Elk Creek"
"24","EC0-ML","Tessellated Darter",58,1.9,0.278753601,1.763427994,"6/6/2022","020503010201 Elk Creek"
"25","EC0-ML","Tessellated Darter",60,2,0.301029996,1.77815125,"6/6/2022","020503010201 Elk Creek"
"26","EC0-ML","Tessellated Darter",46,0.7,-0.15490196,1.662757832,"6/6/2022","020503010201 Elk Creek"
"27","EC0-ML","Tessellated Darter",59,1.9,0.278753601,1.770852012,"6/6/2022","020503010201 Elk Creek"
"28","EC0-ML","Tessellated Darter",55,1.7,0.230448921,1.740362689,"6/6/2022","020503010201 Elk Creek"
"29","EC0-ML","Tessellated Darter",51,1.1,0.041392685,1.707570176,"6/6/2022","020503010201 Elk Creek"
"30","EC0-ML","Tessellated Darter",60,1.6,0.204119983,1.77815125,"6/6/2022","020503010201 Elk Creek"
"31","EC0-ML","Tessellated Darter",57,1.8,0.255272505,1.755874856,"6/6/2022","020503010201 Elk Creek"
"32","EC0-ML","Tessellated Darter",46,1,0,1.662757832,"6/6/2022","020503010201 Elk Creek"
"33","EC0-ML","Tessellated Darter",57,0.9,-0.045757491,1.755874856,"6/6/2022","020503010201 Elk Creek"
"34","EC0-ML","Tessellated Darter",61,2.6,0.414973348,1.785329835,"6/6/2022","020503010201 Elk Creek"
"35","EC0-ML","Tessellated Darter",45,0.8,-0.096910013,1.653212514,"6/6/2022","020503010201 Elk Creek"
"36","EC0-ML","Tessellated Darter",55,1.4,0.146128036,1.740362689,"6/6/2022","020503010201 Elk Creek"
"37","EC0-ML","Tessellated Darter",53,1.1,0.041392685,1.72427587,"6/6/2022","020503010201 Elk Creek"
"38","EC0-ML","Tessellated Darter",42,0.8,-0.096910013,1.62324929,"6/6/2022","020503010201 Elk Creek"
"39","EC0-ML","Tessellated Darter",55,1.4,0.146128036,1.740362689,"6/6/2022","020503010201 Elk Creek"
"40","EC0-ML","Tessellated Darter",53,1.4,0.146128036,1.72427587,"6/6/2022","020503010201 Elk Creek"
"41","EC0-ML","Tessellated Darter",63,2.3,0.361727836,1.799340549,"6/6/2022","020503010201 Elk Creek"
"42","EC0-NF","Tessellated Darter",57,1.5,0.176091259,1.755874856,"6/9/2022","020503010201 Elk Creek"
"43","EC0-NF","Tessellated Darter",47,1,0,1.672097858,"6/9/2022","020503010201 Elk Creek"
"44","EC0-NF","Tessellated Darter",53,1.6,0.204119983,1.72427587,"6/9/2022","020503010201 Elk Creek"
"45","EC0-NF","Tessellated Darter",47,1,0,1.672097858,"6/9/2022","020503010201 Elk Creek"
"46","EC0-NF","Tessellated Darter",61,2.5,0.397940009,1.785329835,"6/9/2022","020503010201 Elk Creek"
"47","EC0-NF","Tessellated Darter",54,1.5,0.176091259,1.73239376,"6/9/2022","020503010201 Elk Creek"
"48","EC0-NF","Tessellated Darter",61,3.1,0.491361694,1.785329835,"6/9/2022","020503010201 Elk Creek"
"49","EC0-NF","Tessellated Darter",54,1.5,0.176091259,1.73239376,"6/9/2022","020503010201 Elk Creek"
"50","EC0-NF","Tessellated Darter",49,1.2,0.079181246,1.69019608,"6/9/2022","020503010201 Elk Creek"
"51","EC0-NF","Tessellated Darter",51,1.6,0.204119983,1.707570176,"6/9/2022","020503010201 Elk Creek"
"52","EC0-NF","Tessellated Darter",58,1.6,0.204119983,1.763427994,"6/9/2022","020503010201 Elk Creek"
"53","EC0-NF","Tessellated Darter",42,0.8,-0.096910013,1.62324929,"6/9/2022","020503010201 Elk Creek"
"54","EC0-NF","Tessellated Darter",56,1.6,0.204119983,1.748188027,"6/9/2022","020503010201 Elk Creek"
"55","EC0-NF","Tessellated Darter",43,0.8,-0.096910013,1.633468456,"6/9/2022","020503010201 Elk Creek"
"56","EC0-NF","Tessellated Darter",30,0.4,-0.397940009,1.477121255,"6/9/2022","020503010201 Elk Creek"
"57","EC0-NF","Tessellated Darter",48,1.2,0.079181246,1.681241237,"6/9/2022","020503010201 Elk Creek"
"58","EC0-NF","Tessellated Darter",69,2.9,0.462397998,1.838849091,"6/9/2022","020503010201 Elk Creek"
"59","EC0-NF","Tessellated Darter",54,1.4,0.146128036,1.73239376,"6/9/2022","020503010201 Elk Creek"
"60","EC0-NF","Tessellated Darter",39,0.9,-0.045757491,1.591064607,"6/9/2022","020503010201 Elk Creek"
"61","EC0-NF","Tessellated Darter",53,1.5,0.176091259,1.72427587,"6/9/2022","020503010201 Elk Creek"
"62","EC0-NF","Tessellated Darter",65,2.5,0.397940009,1.812913357,"6/9/2022","020503010201 Elk Creek"
"63","EC0-NF","Tessellated Darter",42,0.4,-0.397940009,1.62324929,"6/9/2022","020503010201 Elk Creek"
"64","EC0-NF","Tessellated Darter",59,2.1,0.322219295,1.770852012,"6/9/2022","020503010201 Elk Creek"
"65","EC0-NF","Tessellated Darter",52,1.4,0.146128036,1.716003344,"6/9/2022","020503010201 Elk Creek"
"66","EC0-NF","Tessellated Darter",51,1.4,0.146128036,1.707570176,"6/9/2022","020503010201 Elk Creek"
"67","EC0-NF","Tessellated Darter",62,2.2,0.342422681,1.792391689,"6/9/2022","020503010201 Elk Creek"
"68","EC0-NF","Tessellated Darter",46,1,0,1.662757832,"6/9/2022","020503010201 Elk Creek"
"69","EC0-NF","Tessellated Darter",50,1.2,0.079181246,1.698970004,"6/9/2022","020503010201 Elk Creek"
"70","EC0-NF","Tessellated Darter",60,1.8,0.255272505,1.77815125,"6/9/2022","020503010201 Elk Creek"
"71","EC0-NF","Tessellated Darter",45,0.8,-0.096910013,1.653212514,"6/9/2022","020503010201 Elk Creek"
"72","EC0-PH","Tessellated Darter",57,1.5,0.176091259,1.755874856,"6/6/2022","020503010201 Elk Creek"
"73","EC0-PH","Tessellated Darter",64,2.3,0.361727836,1.806179974,"6/6/2022","020503010201 Elk Creek"
"74","EC0-PH","Tessellated Darter",57,1.6,0.204119983,1.755874856,"6/6/2022","020503010201 Elk Creek"
"75","EC0-PH","Tessellated Darter",46,0.9,-0.045757491,1.662757832,"6/6/2022","020503010201 Elk Creek"
"76","EC0-PH","Tessellated Darter",46,1,0,1.662757832,"6/6/2022","020503010201 Elk Creek"
"77","EC0-PH","Tessellated Darter",66,2.1,0.322219295,1.819543936,"6/6/2022","020503010201 Elk Creek"
"78","EC0-PH","Tessellated Darter",45,0.9,-0.045757491,1.653212514,"6/6/2022","020503010201 Elk Creek"
"79","EC0-PH","Tessellated Darter",54,1.4,0.146128036,1.73239376,"6/6/2022","020503010201 Elk Creek"
"80","EC0-PH","Tessellated Darter",45,0.9,-0.045757491,1.653212514,"6/6/2022","020503010201 Elk Creek"
"81","EC0-PH","Tessellated Darter",46,0.9,-0.045757491,1.662757832,"6/6/2022","020503010201 Elk Creek"
"82","EC0-PH","Tessellated Darter",46,0.8,-0.096910013,1.662757832,"6/6/2022","020503010201 Elk Creek"
"83","EC0-PH","Tessellated Darter",66,3.5,0.544068044,1.819543936,"6/6/2022","020503010201 Elk Creek"
"84","EC0-PH","Tessellated Darter",47,1.1,0.041392685,1.672097858,"6/6/2022","020503010201 Elk Creek"
"85","EC0-PH","Tessellated Darter",61,2.4,0.380211242,1.785329835,"6/6/2022","020503010201 Elk Creek"
"86","EC0-PH","Tessellated Darter",47,0.8,-0.096910013,1.672097858,"6/6/2022","020503010201 Elk Creek"
"87","EC0-PH","Tessellated Darter",46,1.1,0.041392685,1.662757832,"6/6/2022","020503010201 Elk Creek"
"88","EC0-PH","Tessellated Darter",56,1.6,0.204119983,1.748188027,"6/6/2022","020503010201 Elk Creek"
"89","EC0-PH","Tessellated Darter",54,1.8,0.255272505,1.73239376,"6/6/2022","020503010201 Elk Creek"
"90","EC0-PH","Tessellated Darter",49,1.2,0.079181246,1.69019608,"6/6/2022","020503010201 Elk Creek"
"91","EC0-PH","Tessellated Darter",59,2,0.301029996,1.770852012,"6/6/2022","020503010201 Elk Creek"
"92","EC0-PH","Tessellated Darter",49,1.2,0.079181246,1.69019608,"6/6/2022","020503010201 Elk Creek"
"93","EC0-PH","Tessellated Darter",52,1.2,0.079181246,1.716003344,"6/6/2022","020503010201 Elk Creek"
"94","EC0-PH","Tessellated Darter",52,1.3,0.113943352,1.716003344,"6/6/2022","020503010201 Elk Creek"
"95","EC0-PH","Tessellated Darter",47,1.1,0.041392685,1.672097858,"6/6/2022","020503010201 Elk Creek"
"96","EC0-PH","Tessellated Darter",60,1,0,1.77815125,"6/6/2022","020503010201 Elk Creek"
"97","EC0-PH","Tessellated Darter",55,1.9,0.278753601,1.740362689,"6/6/2022","020503010201 Elk Creek"
"98","EC0-PH","Tessellated Darter",51,1.6,0.204119983,1.707570176,"6/6/2022","020503010201 Elk Creek"
"99","EC0-PH","Tessellated Darter",64,2.7,0.431363764,1.806179974,"6/6/2022","020503010201 Elk Creek"
"100","EC0-PH","Tessellated Darter",65,2.7,0.431363764,1.812913357,"6/6/2022","020503010201 Elk Creek"
"101","EC0-PH","Tessellated Darter",51,1.2,0.079181246,1.707570176,"6/6/2022","020503010201 Elk Creek"
"102","EC0-SF","Tessellated Darter",54,1.4,0.146128036,1.73239376,"6/7/2022","020503010201 Elk Creek"
"103","EC0-SF","Tessellated Darter",39,0.6,-0.22184875,1.591064607,"6/7/2022","020503010201 Elk Creek"
"104","EC0-SF","Tessellated Darter",44,0.7,-0.15490196,1.643452676,"6/7/2022","020503010201 Elk Creek"
"105","EC0-SF","Tessellated Darter",42,0.6,-0.22184875,1.62324929,"6/7/2022","020503010201 Elk Creek"
"106","EC0-SF","Tessellated Darter",63,1.9,0.278753601,1.799340549,"6/7/2022","020503010201 Elk Creek"
"107","EC0-SF","Tessellated Darter",67,2.7,0.431363764,1.826074803,"6/7/2022","020503010201 Elk Creek"
"108","EC0-SF","Tessellated Darter",48,1,0,1.681241237,"6/7/2022","020503010201 Elk Creek"
"109","EC0-SF","Tessellated Darter",55,1.7,0.230448921,1.740362689,"6/7/2022","020503010201 Elk Creek"
"110","EC0-SF","Tessellated Darter",54,1.5,0.176091259,1.73239376,"6/7/2022","020503010201 Elk Creek"
"111","EC0-SF","Tessellated Darter",50,1.2,0.079181246,1.698970004,"6/7/2022","020503010201 Elk Creek"
"112","EC0-SF","Tessellated Darter",46,0.8,-0.096910013,1.662757832,"6/7/2022","020503010201 Elk Creek"
"113","EC0-SF","Tessellated Darter",44,0.8,-0.096910013,1.643452676,"6/7/2022","020503010201 Elk Creek"
"114","EC0-SF","Tessellated Darter",50,1.3,0.113943352,1.698970004,"6/7/2022","020503010201 Elk Creek"
"115","EC0-SF","Tessellated Darter",51,1,0,1.707570176,"6/7/2022","020503010201 Elk Creek"
"116","EC0-SF","Tessellated Darter",45,1.1,0.041392685,1.653212514,"6/7/2022","020503010201 Elk Creek"
"117","EC0-SF","Tessellated Darter",47,1.1,0.041392685,1.672097858,"6/7/2022","020503010201 Elk Creek"
"118","EC0-SF","Tessellated Darter",37,0.6,-0.22184875,1.568201724,"6/7/2022","020503010201 Elk Creek"
"119","EC0-SF","Tessellated Darter",62,1.5,0.176091259,1.792391689,"6/7/2022","020503010201 Elk Creek"
"120","EC0-SF","Tessellated Darter",48,0.7,-0.15490196,1.681241237,"6/7/2022","020503010201 Elk Creek"
"121","EC0-SF","Tessellated Darter",44,0.7,-0.15490196,1.643452676,"6/7/2022","020503010201 Elk Creek"
"122","EC0-SF","Tessellated Darter",54,1.2,0.079181246,1.73239376,"6/7/2022","020503010201 Elk Creek"
"123","EC0-SF","Tessellated Darter",59,2.3,0.361727836,1.770852012,"6/7/2022","020503010201 Elk Creek"
"124","EC0-SF","Tessellated Darter",49,1.2,0.079181246,1.69019608,"6/7/2022","020503010201 Elk Creek"
"125","EC0-SF","Tessellated Darter",50,1.1,0.041392685,1.698970004,"6/7/2022","020503010201 Elk Creek"
"126","EC0-SF","Tessellated Darter",54,1.8,0.255272505,1.73239376,"6/7/2022","020503010201 Elk Creek"
"127","EC0-SF","Tessellated Darter",53,1.7,0.230448921,1.72427587,"6/7/2022","020503010201 Elk Creek"
"128","EC0-SF","Tessellated Darter",47,0.9,-0.045757491,1.672097858,"6/7/2022","020503010201 Elk Creek"
"129","EC0-SF","Tessellated Darter",47,0.8,-0.096910013,1.672097858,"6/7/2022","020503010201 Elk Creek"
"130","EC0-SF","Tessellated Darter",40,0.6,-0.22184875,1.602059991,"6/7/2022","020503010201 Elk Creek"
"131","EC0-SF","Tessellated Darter",70,2.6,0.414973348,1.84509804,"6/7/2022","020503010201 Elk Creek"
"132","Lloyd.Pine","Tessellated Darter",59,1.8,0.255272505,1.770852012,"7/11/2023","020502050601 Trout Run-Pine Creek"
"133","LR0-FM-M","Tessellated Darter",62,2.22,0.346352974,1.792391689,"6/11/2024","020502061204 Limestone Run"
"134","LR0-FM-M","Tessellated Darter",67,2.61,0.416640507,1.826074803,"6/11/2024","020502061204 Limestone Run"
"135","LR0-FM-M","Tessellated Darter",49,1.02,0.008600172,1.69019608,"6/11/2024","020502061204 Limestone Run"
"136","LR0-FM-M","Tessellated Darter",51,1.29,0.11058971,1.707570176,"6/11/2024","020502061204 Limestone Run"
"137","LR0-FM-M","Tessellated Darter",53,1.51,0.178976947,1.72427587,"6/11/2024","020502061204 Limestone Run"
"138","LR0-FM-M","Tessellated Darter",83,4.09,0.611723308,1.919078092,"6/11/2024","020502061204 Limestone Run"
"139","LR0-FM-M","Tessellated Darter",79,4.23,0.626340367,1.897627091,"6/11/2024","020502061204 Limestone Run"
"140","LR0-FM-M","Tessellated Darter",53,1.34,0.127104798,1.72427587,"6/11/2024","020502061204 Limestone Run"
"141","LR0-FM-M","Tessellated Darter",51,1.12,0.049218023,1.707570176,"6/11/2024","020502061204 Limestone Run"
"142","LR0-FM-M","Tessellated Darter",47,0.52,-0.283996656,1.672097858,"6/11/2024","020502061204 Limestone Run"
"143","LR0-FM-M","Tessellated Darter",50,1.21,0.08278537,1.698970004,"6/11/2024","020502061204 Limestone Run"
"144","LR0-FM-M","Tessellated Darter",46,0.79,-0.102372909,1.662757832,"6/11/2024","020502061204 Limestone Run"
"145","LR0-FM-M","Tessellated Darter",66,3.02,0.480006943,1.819543936,"6/11/2024","020502061204 Limestone Run"
"146","LR0-FM-M","Tessellated Darter",62,2.11,0.324282455,1.792391689,"6/11/2024","020502061204 Limestone Run"
"147","LR0-FM-M","Tessellated Darter",42,0.69,-0.161150909,1.62324929,"6/11/2024","020502061204 Limestone Run"
"148","LR0-FM-M","Tessellated Darter",51,1.16,0.064457989,1.707570176,"6/11/2024","020502061204 Limestone Run"
"149","LR0-FM-M","Tessellated Darter",54,1.36,0.133538908,1.73239376,"6/11/2024","020502061204 Limestone Run"
"150","LR0-FM-M","Tessellated Darter",57,1.6,0.204119983,1.755874856,"6/11/2024","020502061204 Limestone Run"
"151","LR0-PF","Tessellated Darter",46,1.04,0.017033339,1.662757832,"6/17/2024","020502061204 Limestone Run"
"152","LR0-PF","Tessellated Darter",59,1.45,0.161368002,1.770852012,"6/17/2024","020502061204 Limestone Run"
"153","LR0-PF","Tessellated Darter",55,1.45,0.161368002,1.740362689,"6/17/2024","020502061204 Limestone Run"
"154","LR0-PF","Tessellated Darter",61,2,0.301029996,1.785329835,"6/17/2024","020502061204 Limestone Run"
"155","LR0-PF","Tessellated Darter",56,1.95,0.290034611,1.748188027,"6/17/2024","020502061204 Limestone Run"
"156","LR0-PF","Tessellated Darter",56,1.97,0.294466226,1.748188027,"6/17/2024","020502061204 Limestone Run"
"157","LR0-PF","Tessellated Darter",62,2.01,0.303196057,1.792391689,"6/17/2024","020502061204 Limestone Run"
"158","LR0-PF","Tessellated Darter",65,2.99,0.475671188,1.812913357,"6/17/2024","020502061204 Limestone Run"
"159","LR0-PF","Tessellated Darter",71,3.43,0.53529412,1.851258349,"6/17/2024","020502061204 Limestone Run"
"160","LR0-PF","Tessellated Darter",63,3.17,0.501059262,1.799340549,"6/17/2024","020502061204 Limestone Run"
"161","LR0-PF","Tessellated Darter",50,1.06,0.025305865,1.698970004,"6/17/2024","020502061204 Limestone Run"
"162","LR0-PF","Tessellated Darter",65,2.98,0.474216264,1.812913357,"6/17/2024","020502061204 Limestone Run"
"163","LR0-PF","Tessellated Darter",76,4.55,0.658011397,1.880813592,"6/17/2024","020502061204 Limestone Run"
"164","LR0-PF","Tessellated Darter",56,1.76,0.245512668,1.748188027,"6/17/2024","020502061204 Limestone Run"
"165","LR0-PF","Tessellated Darter",57,1.8,0.255272505,1.755874856,"6/17/2024","020502061204 Limestone Run"
"166","LR0-PF","Tessellated Darter",65,3.68,0.565847819,1.812913357,"6/17/2024","020502061204 Limestone Run"
"167","LR0-PF","Tessellated Darter",66,2.63,0.419955748,1.819543936,"6/17/2024","020502061204 Limestone Run"
"168","LR0-PF","Tessellated Darter",62,2.2,0.342422681,1.792391689,"6/17/2024","020502061204 Limestone Run"
"169","LR0-PF","Tessellated Darter",62,2.34,0.369215857,1.792391689,"6/17/2024","020502061204 Limestone Run"
"170","LR0-PF","Tessellated Darter",64,2.9,0.462397998,1.806179974,"6/17/2024","020502061204 Limestone Run"
"171","LR0-PF","Tessellated Darter",55,1.84,0.264817823,1.740362689,"6/17/2024","020502061204 Limestone Run"
"172","LR0-PF","Tessellated Darter",62,2.31,0.36361198,1.792391689,"6/17/2024","020502061204 Limestone Run"
"173","LR0-PF","Tessellated Darter",68,3.61,0.557507202,1.832508913,"6/17/2024","020502061204 Limestone Run"
"174","LR0-PF","Tessellated Darter",56,1.94,0.28780173,1.748188027,"6/17/2024","020502061204 Limestone Run"
"175","LR0-PF","Tessellated Darter",56,2.08,0.318063335,1.748188027,"6/17/2024","020502061204 Limestone Run"
"176","LR0-PF","Tessellated Darter",74,3.87,0.587710965,1.86923172,"6/17/2024","020502061204 Limestone Run"
"177","LR0-PF","Tessellated Darter",54,1.68,0.225309282,1.73239376,"6/17/2024","020502061204 Limestone Run"
"178","LR0-PF","Tessellated Darter",58,1.91,0.281033367,1.763427994,"6/17/2024","020502061204 Limestone Run"
"179","LR0-PF","Tessellated Darter",60,2.39,0.378397901,1.77815125,"6/17/2024","020502061204 Limestone Run"
"180","LR0-PF","Tessellated Darter",64,3.18,0.50242712,1.806179974,"6/17/2024","020502061204 Limestone Run"
"181","LR0-SM","Tessellated Darter",39,0.57,-0.244125144,1.591064607,"6/11/2024","020502061204 Limestone Run"
"182","LR0-SM","Tessellated Darter",57,2.06,0.31386722,1.755874856,"6/11/2024","020502061204 Limestone Run"
"183","LR0-SM","Tessellated Darter",55,1.8,0.255272505,1.740362689,"6/11/2024","020502061204 Limestone Run"
"184","LR0-SM","Tessellated Darter",52,1.52,0.181843588,1.716003344,"6/11/2024","020502061204 Limestone Run"
"185","LR0-SM","Tessellated Darter",72,3.38,0.5289167,1.857332496,"6/11/2024","020502061204 Limestone Run"
"186","LR0-SM","Tessellated Darter",49,1.26,0.100370545,1.69019608,"6/11/2024","020502061204 Limestone Run"
"187","LR0-SM","Tessellated Darter",62,2.18,0.338456494,1.792391689,"6/11/2024","020502061204 Limestone Run"
"188","LR0-SM","Tessellated Darter",63,2.09,0.320146286,1.799340549,"6/11/2024","020502061204 Limestone Run"
"189","LR0-SM","Tessellated Darter",62,2.33,0.367355921,1.792391689,"6/11/2024","020502061204 Limestone Run"
"190","LR0-SM","Tessellated Darter",33,0.35,-0.455931956,1.51851394,"6/11/2024","020502061204 Limestone Run"
"191","LR0-SM","Tessellated Darter",58,2.16,0.334453751,1.763427994,"6/11/2024","020502061204 Limestone Run"
"192","LR0-SM","Tessellated Darter",65,2.77,0.442479769,1.812913357,"6/11/2024","020502061204 Limestone Run"
"193","LR0-SM","Tessellated Darter",47,1.83,0.26245109,1.672097858,"6/11/2024","020502061204 Limestone Run"
"194","LR0-SM","Tessellated Darter",55,1.62,0.209515015,1.740362689,"6/11/2024","020502061204 Limestone Run"
"195","LR0-SM","Tessellated Darter",40,0.63,-0.200659451,1.602059991,"6/11/2024","020502061204 Limestone Run"
"196","LR0-SM","Tessellated Darter",83,5.41,0.733197265,1.919078092,"6/11/2024","020502061204 Limestone Run"
"197","LR0-SM","Tessellated Darter",46,0.9,-0.045757491,1.662757832,"6/11/2024","020502061204 Limestone Run"
"198","LR0-SM","Tessellated Darter",38,0.54,-0.26760624,1.579783597,"6/11/2024","020502061204 Limestone Run"
"199","LR0-SM","Tessellated Darter",61,1.74,0.240549248,1.785329835,"6/11/2024","020502061204 Limestone Run"
"200","LR0-SM","Tessellated Darter",56,1.95,0.290034611,1.748188027,"6/11/2024","020502061204 Limestone Run"
"201","LR0-SM","Tessellated Darter",68,2.6,0.414973348,1.832508913,"6/11/2024","020502061204 Limestone Run"
"202","LR0-SM","Tessellated Darter",51,1.21,0.08278537,1.707570176,"6/11/2024","020502061204 Limestone Run"
"203","LR0-SM","Tessellated Darter",40,0.71,-0.148741651,1.602059991,"6/11/2024","020502061204 Limestone Run"
"204","LR0-SM","Tessellated Darter",71,3.32,0.521138084,1.851258349,"6/11/2024","020502061204 Limestone Run"
"205","LR0-SM","Tessellated Darter",79,5.06,0.704150517,1.897627091,"6/11/2024","020502061204 Limestone Run"
"206","LR0-SM","Tessellated Darter",82,4.35,0.638489257,1.913813852,"6/11/2024","020502061204 Limestone Run"
"207","LR0-SM","Tessellated Darter",51,1.29,0.11058971,1.707570176,"6/11/2024","020502061204 Limestone Run"
"208","LR0-SM","Tessellated Darter",55,1.24,0.093421685,1.740362689,"6/11/2024","020502061204 Limestone Run"
"209","LR0-SM","Tessellated Darter",46,0.88,-0.055517328,1.662757832,"6/11/2024","020502061204 Limestone Run"
"210","LR0-SM","Tessellated Darter",40,0.57,-0.244125144,1.602059991,"6/11/2024","020502061204 Limestone Run"
"211","LR0-SR","Tessellated Darter",70,3.12,0.494154594,1.84509804,"6/10/2024","020502061204 Limestone Run"
"212","LR0-SR","Tessellated Darter",77,4,0.602059991,1.886490725,"6/10/2024","020502061204 Limestone Run"
"213","LR0-SR","Tessellated Darter",51,1.45,0.161368002,1.707570176,"6/10/2024","020502061204 Limestone Run"
"214","LR0-SR","Tessellated Darter",73,3.72,0.57054294,1.86332286,"6/10/2024","020502061204 Limestone Run"
"215","LR0-SR","Tessellated Darter",58,1.12,0.049218023,1.763427994,"6/10/2024","020502061204 Limestone Run"
"216","LR0-SR","Tessellated Darter",71,3.26,0.5132176,1.851258349,"6/10/2024","020502061204 Limestone Run"
"217","LR0-SR","Tessellated Darter",74,3.34,0.523746467,1.86923172,"6/10/2024","020502061204 Limestone Run"
"218","LR0-SR","Tessellated Darter",57,1.74,0.240549248,1.755874856,"6/10/2024","020502061204 Limestone Run"
"219","LR0-SR","Tessellated Darter",80,3.99,0.600972896,1.903089987,"6/10/2024","020502061204 Limestone Run"
"220","LR0-SR","Tessellated Darter",67,2.99,0.475671188,1.826074803,"6/10/2024","020502061204 Limestone Run"
"221","LR0-SR","Tessellated Darter",70,3.63,0.559906625,1.84509804,"6/10/2024","020502061204 Limestone Run"
"222","LR0-SR","Tessellated Darter",47,1.1,0.041392685,1.672097858,"6/10/2024","020502061204 Limestone Run"
"223","LR0-SR","Tessellated Darter",60,2.23,0.348304863,1.77815125,"6/10/2024","020502061204 Limestone Run"
"224","LR0-SR","Tessellated Darter",65,2.96,0.471291711,1.812913357,"6/10/2024","020502061204 Limestone Run"
"225","LR0-SR","Tessellated Darter",80,4.86,0.686636269,1.903089987,"6/10/2024","020502061204 Limestone Run"
"226","LR0-SR","Tessellated Darter",73,3.54,0.549003262,1.86332286,"6/10/2024","020502061204 Limestone Run"
"227","LR0-SR","Tessellated Darter",81,4.88,0.688419822,1.908485019,"6/10/2024","020502061204 Limestone Run"
"228","LR0-SR","Tessellated Darter",67,2.9,0.462397998,1.826074803,"6/10/2024","020502061204 Limestone Run"
"229","LR0-SR","Tessellated Darter",85,4.92,0.691965103,1.929418926,"6/10/2024","020502061204 Limestone Run"
"230","LR0-SR","Tessellated Darter",44,1.13,0.053078443,1.643452676,"6/10/2024","020502061204 Limestone Run"
"231","LR0-SR","Tessellated Darter",54,1.52,0.181843588,1.73239376,"6/10/2024","020502061204 Limestone Run"
"232","LR0-SR","Tessellated Darter",60,2.13,0.328379603,1.77815125,"6/10/2024","020502061204 Limestone Run"
"233","LR0-SR","Tessellated Darter",59,1.65,0.217483944,1.770852012,"6/10/2024","020502061204 Limestone Run"
"234","LR0-SR","Tessellated Darter",52,1.37,0.136720567,1.716003344,"6/10/2024","020502061204 Limestone Run"
"235","LR0-SR","Tessellated Darter",85,5.39,0.731588765,1.929418926,"6/10/2024","020502061204 Limestone Run"
"236","LR0-SR","Tessellated Darter",79,5.04,0.702430536,1.897627091,"6/10/2024","020502061204 Limestone Run"
"237","LR0-SR","Tessellated Darter",62,2.35,0.371067862,1.792391689,"6/10/2024","020502061204 Limestone Run"
"238","LR0-SR","Tessellated Darter",70,3.03,0.481442629,1.84509804,"6/10/2024","020502061204 Limestone Run"
"239","LS0-RA","Tessellated Darter",52,1.6,0.204119983,1.716003344,"6/1/2022","020503010103 Little Shamokin Creek"
"240","LS0-RA","Tessellated Darter",71,3.6,0.556302501,1.851258349,"6/1/2022","020503010103 Little Shamokin Creek"
"241","LS0-RA","Tessellated Darter",52,1,0,1.716003344,"6/1/2022","020503010103 Little Shamokin Creek"
"242","LS0-RA","Tessellated Darter",50,1.4,0.146128036,1.698970004,"6/1/2022","020503010103 Little Shamokin Creek"
"243","LS0-RA","Tessellated Darter",60,2.3,0.361727836,1.77815125,"6/1/2022","020503010103 Little Shamokin Creek"
"244","LS0-RA","Tessellated Darter",70,2.7,0.431363764,1.84509804,"6/1/2022","020503010103 Little Shamokin Creek"
"245","LS0-RA","Tessellated Darter",64,2.5,0.397940009,1.806179974,"6/1/2022","020503010103 Little Shamokin Creek"
"246","LS0-RA","Tessellated Darter",49,1.2,0.079181246,1.69019608,"6/1/2022","020503010103 Little Shamokin Creek"
"247","LS0-RA","Tessellated Darter",49,1.2,0.079181246,1.69019608,"6/1/2022","020503010103 Little Shamokin Creek"
"248","LS0-RA","Tessellated Darter",61,2.3,0.361727836,1.785329835,"6/1/2022","020503010103 Little Shamokin Creek"
"249","LS0-RA","Tessellated Darter",50,2.5,0.397940009,1.698970004,"6/1/2022","020503010103 Little Shamokin Creek"
"250","LS0-RA","Tessellated Darter",62,2.4,0.380211242,1.792391689,"6/1/2022","020503010103 Little Shamokin Creek"
"251","LS0-RA","Tessellated Darter",62,2.3,0.361727836,1.792391689,"6/1/2022","020503010103 Little Shamokin Creek"
"252","LU0-EL","Tessellated Darter",48,1.5,0.176091259,1.681241237,"6/2/2025","020502061206 Miller Run-Limestone Run"
"253","LU0-EL","Tessellated Darter",61,2.5,0.397940009,1.785329835,"6/2/2025","020502061206 Miller Run-Limestone Run"
"254","LU0-EL","Tessellated Darter",50,1.4,0.146128036,1.698970004,"6/2/2025","020502061206 Miller Run-Limestone Run"
"255","LU0-EL","Tessellated Darter",60,1.91,0.281033367,1.77815125,"6/2/2025","020502061206 Miller Run-Limestone Run"
"256","LU0-EL","Tessellated Darter",70,1.5,0.176091259,1.84509804,"6/2/2025","020502061206 Miller Run-Limestone Run"
"257","LU0-EL","Tessellated Darter",70,3.18,0.50242712,1.84509804,"6/2/2025","020502061206 Miller Run-Limestone Run"
"258","LU0-EL","Tessellated Darter",60,1.98,0.29666519,1.77815125,"6/2/2025","020502061206 Miller Run-Limestone Run"
"259","LU0-EL","Tessellated Darter",68,3.5,0.544068044,1.832508913,"6/2/2025","020502061206 Miller Run-Limestone Run"
"260","LU0-EL","Tessellated Darter",63,2.4,0.380211242,1.799340549,"6/2/2025","020502061206 Miller Run-Limestone Run"
"261","LU0-EL","Tessellated Darter",57,1.55,0.190331698,1.755874856,"6/2/2025","020502061206 Miller Run-Limestone Run"
"262","LU0-EL","Tessellated Darter",68,2.9,0.462397998,1.832508913,"6/2/2025","020502061206 Miller Run-Limestone Run"
"263","LU0-EL","Tessellated Darter",63,1.99,0.298853076,1.799340549,"6/2/2025","020502061206 Miller Run-Limestone Run"
"264","LU0-EL","Tessellated Darter",51,1.31,0.117271296,1.707570176,"6/2/2025","020502061206 Miller Run-Limestone Run"
"265","LU0-EL","Tessellated Darter",57,1.9,0.278753601,1.755874856,"6/2/2025","020502061206 Miller Run-Limestone Run"
"266","LU0-EL","Tessellated Darter",71,3.65,0.562292864,1.851258349,"6/2/2025","020502061206 Miller Run-Limestone Run"
"267","LU0-EL","Tessellated Darter",50,1.2,0.079181246,1.698970004,"6/2/2025","020502061206 Miller Run-Limestone Run"
"268","LU0-EL","Tessellated Darter",65,2.6,0.414973348,1.812913357,"6/2/2025","020502061206 Miller Run-Limestone Run"
"269","PC0-SS","Tessellated Darter",41,0.5,-0.301029996,1.612783857,"6/8/2022","020503010202 Voneida Run-Pine Creek"
"270","PC0-SS","Tessellated Darter",40,0.5,-0.301029996,1.602059991,"6/8/2022","020503010202 Voneida Run-Pine Creek"
"271","PC0-SS","Tessellated Darter",44,1,0,1.643452676,"6/8/2022","020503010202 Voneida Run-Pine Creek"
"272","PC0-SS","Tessellated Darter",55,1.5,0.176091259,1.740362689,"6/8/2022","020503010202 Voneida Run-Pine Creek"
"273","PC0-SS","Tessellated Darter",41,0.5,-0.301029996,1.612783857,"6/8/2022","020503010202 Voneida Run-Pine Creek"
"274","PC0-SS","Tessellated Darter",40,0.5,-0.301029996,1.602059991,"6/8/2022","020503010202 Voneida Run-Pine Creek"
"275","PC0-SS","Tessellated Darter",36,0.3,-0.522878745,1.556302501,"6/8/2022","020503010202 Voneida Run-Pine Creek"
"276","PC0-SS","Tessellated Darter",62,2.4,0.380211242,1.792391689,"6/8/2022","020503010202 Voneida Run-Pine Creek"
"277","PC0-SS","Tessellated Darter",56,2,0.301029996,1.748188027,"6/8/2022","020503010202 Voneida Run-Pine Creek"
"278","Sherman.UpperLoyalsock","Tessellated Darter",70,2.9,0.462397998,1.84509804,"6/27/2023","020502060302 Glass Creek-Loyalsock Creek"
"279","TC0-BU","Tessellated Darter",57,1.8,0.255272505,1.755874856,"6/6/2023","020502061207 Turtle Creek-West Branch Susquehanna River"
"280","TC0-BU","Tessellated Darter",53,1.3,0.113943352,1.72427587,"6/6/2023","020502061207 Turtle Creek-West Branch Susquehanna River"
"281","TC0-BU","Tessellated Darter",47,1.1,0.041392685,1.672097858,"6/6/2023","020502061207 Turtle Creek-West Branch Susquehanna River"
"282","TC0-BU","Tessellated Darter",52,1.4,0.146128036,1.716003344,"6/6/2023","020502061207 Turtle Creek-West Branch Susquehanna River"
"283","TC0-BU","Tessellated Darter",52,1.4,0.146128036,1.716003344,"6/6/2023","020502061207 Turtle Creek-West Branch Susquehanna River"
"284","TC0-BU","Tessellated Darter",57,1.6,0.204119983,1.755874856,"6/6/2023","020502061207 Turtle Creek-West Branch Susquehanna River"
"285","TC0-BU","Tessellated Darter",61,2.1,0.322219295,1.785329835,"6/6/2023","020502061207 Turtle Creek-West Branch Susquehanna River"
"286","TC0-BU","Tessellated Darter",45,0.9,-0.045757491,1.653212514,"6/6/2023","020502061207 Turtle Creek-West Branch Susquehanna River"
"287","TC0-BU","Tessellated Darter",58,1.8,0.255272505,1.763427994,"6/6/2023","020502061207 Turtle Creek-West Branch Susquehanna River"
"288","TC0-BU","Tessellated Darter",30,0.4,-0.397940009,1.477121255,"6/6/2023","020502061207 Turtle Creek-West Branch Susquehanna River"
"289","TC0-BU","Tessellated Darter",57,1.4,0.146128036,1.755874856,"6/6/2023","020502061207 Turtle Creek-West Branch Susquehanna River"
"290","TC0-BU","Tessellated Darter",64,2.2,0.342422681,1.806179974,"6/6/2023","020502061207 Turtle Creek-West Branch Susquehanna River"
"291","TC0-BU","Tessellated Darter",60,1.8,0.255272505,1.77815125,"6/6/2023","020502061207 Turtle Creek-West Branch Susquehanna River"
"292","TC0-BU","Tessellated Darter",42,0.7,-0.15490196,1.62324929,"6/6/2023","020502061207 Turtle Creek-West Branch Susquehanna River"
"293","TC0-BU","Tessellated Darter",45,1,0,1.653212514,"6/6/2023","020502061207 Turtle Creek-West Branch Susquehanna River"
"294","TC0-BU","Tessellated Darter",53,1.3,0.113943352,1.72427587,"6/6/2023","020502061207 Turtle Creek-West Branch Susquehanna River"
"295","TC0-BU","Tessellated Darter",42,0.7,-0.15490196,1.62324929,"6/6/2023","020502061207 Turtle Creek-West Branch Susquehanna River"
"296","TC0-BU","Tessellated Darter",51,1.2,0.079181246,1.707570176,"6/6/2023","020502061207 Turtle Creek-West Branch Susquehanna River"
"297","TC0-BU","Tessellated Darter",56,1.8,0.255272505,1.748188027,"6/6/2023","020502061207 Turtle Creek-West Branch Susquehanna River"
"298","TC0-BU","Tessellated Darter",54,1.5,0.176091259,1.73239376,"6/6/2023","020502061207 Turtle Creek-West Branch Susquehanna River"
"299","TC0-BU","Tessellated Darter",53,1.2,0.079181246,1.72427587,"6/6/2023","020502061207 Turtle Creek-West Branch Susquehanna River"
"300","TC0-BU","Tessellated Darter",52,1.6,0.204119983,1.716003344,"6/6/2023","020502061207 Turtle Creek-West Branch Susquehanna River"
"301","TC0-BU","Tessellated Darter",64,2.4,0.380211242,1.806179974,"6/6/2023","020502061207 Turtle Creek-West Branch Susquehanna River"
"302","TC0-BU","Tessellated Darter",50,1.3,0.113943352,1.698970004,"6/6/2023","020502061207 Turtle Creek-West Branch Susquehanna River"
"303","TC0-BU","Tessellated Darter",50,1.3,0.113943352,1.698970004,"6/6/2023","020502061207 Turtle Creek-West Branch Susquehanna River"
"304","TC0-BU","Tessellated Darter",57,1.9,0.278753601,1.755874856,"6/6/2023","020502061207 Turtle Creek-West Branch Susquehanna River"
"305","TC0-BU","Tessellated Darter",51,1.2,0.079181246,1.707570176,"6/6/2023","020502061207 Turtle Creek-West Branch Susquehanna River"
"306","TC0-BU","Tessellated Darter",60,1.9,0.278753601,1.77815125,"6/6/2023","020502061207 Turtle Creek-West Branch Susquehanna River"
"307","TC0-BU","Tessellated Darter",53,1.3,0.113943352,1.72427587,"6/6/2023","020502061207 Turtle Creek-West Branch Susquehanna River"
"308","TC0-CB-U","Tessellated Darter",56,1.8,0.255272505,1.748188027,"6/7/2023","020502061207 Turtle Creek-West Branch Susquehanna River"
"309","TC0-CB-U","Tessellated Darter",58,1.9,0.278753601,1.763427994,"6/7/2023","020502061207 Turtle Creek-West Branch Susquehanna River"
"310","TC0-CB-U","Tessellated Darter",72,4.1,0.612783857,1.857332496,"6/7/2023","020502061207 Turtle Creek-West Branch Susquehanna River"
"311","TC0-CB-U","Tessellated Darter",65,3.8,0.579783597,1.812913357,"6/7/2023","020502061207 Turtle Creek-West Branch Susquehanna River"
"312","TC0-CB-U","Tessellated Darter",52,1.2,0.079181246,1.716003344,"6/7/2023","020502061207 Turtle Creek-West Branch Susquehanna River"
"313","TC0-CB-U","Tessellated Darter",78,4,0.602059991,1.892094603,"6/7/2023","020502061207 Turtle Creek-West Branch Susquehanna River"
"314","TC0-CB-U","Tessellated Darter",61,2.2,0.342422681,1.785329835,"6/7/2023","020502061207 Turtle Creek-West Branch Susquehanna River"
"315","TC0-CB-U","Tessellated Darter",64,3,0.477121255,1.806179974,"6/7/2023","020502061207 Turtle Creek-West Branch Susquehanna River"
"316","TC0-CB-U","Tessellated Darter",61,2.5,0.397940009,1.785329835,"6/7/2023","020502061207 Turtle Creek-West Branch Susquehanna River"
"317","TC0-CB-U","Tessellated Darter",65,3.4,0.531478917,1.812913357,"6/7/2023","020502061207 Turtle Creek-West Branch Susquehanna River"
"318","TC0-CB-U","Tessellated Darter",56,1.7,0.230448921,1.748188027,"6/7/2023","020502061207 Turtle Creek-West Branch Susquehanna River"
"319","TC0-CB-U","Tessellated Darter",57,1.8,0.255272505,1.755874856,"6/7/2023","020502061207 Turtle Creek-West Branch Susquehanna River"
"320","TC0-CB-U","Tessellated Darter",61,1.8,0.255272505,1.785329835,"6/7/2023","020502061207 Turtle Creek-West Branch Susquehanna River"
"321","TC0-CB-U","Tessellated Darter",49,1.2,0.079181246,1.69019608,"6/7/2023","020502061207 Turtle Creek-West Branch Susquehanna River"
"322","TC0-CB-U","Tessellated Darter",61,2.2,0.342422681,1.785329835,"6/7/2023","020502061207 Turtle Creek-West Branch Susquehanna River"
"323","TC0-CB-U","Tessellated Darter",50,1.7,0.230448921,1.698970004,"6/7/2023","020502061207 Turtle Creek-West Branch Susquehanna River"
"324","TC0-CB-U","Tessellated Darter",76,3.7,0.568201724,1.880813592,"6/7/2023","020502061207 Turtle Creek-West Branch Susquehanna River"
"325","TC0-CB-U","Tessellated Darter",58,2.1,0.322219295,1.763427994,"6/7/2023","020502061207 Turtle Creek-West Branch Susquehanna River"
"326","TC0-CB-U","Tessellated Darter",64,2.5,0.397940009,1.806179974,"6/7/2023","020502061207 Turtle Creek-West Branch Susquehanna River"
"327","TC0-CB-U","Tessellated Darter",59,2.3,0.361727836,1.770852012,"6/7/2023","020502061207 Turtle Creek-West Branch Susquehanna River"
"328","TC0-CB-U","Tessellated Darter",62,2.1,0.322219295,1.792391689,"6/7/2023","020502061207 Turtle Creek-West Branch Susquehanna River"
"329","TC0-CB-U","Tessellated Darter",65,2.7,0.431363764,1.812913357,"6/7/2023","020502061207 Turtle Creek-West Branch Susquehanna River"
"330","TC0-CB-U","Tessellated Darter",61,1.9,0.278753601,1.785329835,"6/7/2023","020502061207 Turtle Creek-West Branch Susquehanna River"
"331","TC0-CB-U","Tessellated Darter",53,1.3,0.113943352,1.72427587,"6/7/2023","020502061207 Turtle Creek-West Branch Susquehanna River"
"332","TC0-CB-U","Tessellated Darter",61,2.4,0.380211242,1.785329835,"6/7/2023","020502061207 Turtle Creek-West Branch Susquehanna River"
"333","TC0-CB-U","Tessellated Darter",71,3.6,0.556302501,1.851258349,"6/7/2023","020502061207 Turtle Creek-West Branch Susquehanna River"
"334","TC0-CB-U","Tessellated Darter",58,1.9,0.278753601,1.763427994,"6/7/2023","020502061207 Turtle Creek-West Branch Susquehanna River"
"335","TC0-CB-U","Tessellated Darter",59,2.2,0.342422681,1.770852012,"6/7/2023","020502061207 Turtle Creek-West Branch Susquehanna River"
"336","TC0-CB-U","Tessellated Darter",61,2.4,0.380211242,1.785329835,"6/7/2023","020502061207 Turtle Creek-West Branch Susquehanna River"
"337","TC0-CB-U","Tessellated Darter",64,2.9,0.462397998,1.806179974,"6/7/2023","020502061207 Turtle Creek-West Branch Susquehanna River"
"338","TC0-GU","Tessellated Darter",76,3.8,0.579783597,1.880813592,"6/7/2023","020502061207 Turtle Creek-West Branch Susquehanna River"
"339","TC0-GU","Tessellated Darter",63,2.2,0.342422681,1.799340549,"6/7/2023","020502061207 Turtle Creek-West Branch Susquehanna River"
"340","TC0-GU","Tessellated Darter",71,3.1,0.491361694,1.851258349,"6/7/2023","020502061207 Turtle Creek-West Branch Susquehanna River"
"341","TC0-GU","Tessellated Darter",60,2,0.301029996,1.77815125,"6/7/2023","020502061207 Turtle Creek-West Branch Susquehanna River"
"342","TC0-GU","Tessellated Darter",54,1.6,0.204119983,1.73239376,"6/7/2023","020502061207 Turtle Creek-West Branch Susquehanna River"
"343","TC0-GU","Tessellated Darter",64,2.6,0.414973348,1.806179974,"6/7/2023","020502061207 Turtle Creek-West Branch Susquehanna River"
"344","TC0-GU","Tessellated Darter",65,2.9,0.462397998,1.812913357,"6/7/2023","020502061207 Turtle Creek-West Branch Susquehanna River"
"345","TC0-GU","Tessellated Darter",48,1.1,0.041392685,1.681241237,"6/7/2023","020502061207 Turtle Creek-West Branch Susquehanna River"
"346","TC0-GU","Tessellated Darter",78,4,0.602059991,1.892094603,"6/7/2023","020502061207 Turtle Creek-West Branch Susquehanna River"
"347","TC0-GU","Tessellated Darter",66,2.7,0.431363764,1.819543936,"6/7/2023","020502061207 Turtle Creek-West Branch Susquehanna River"
"348","TC0-GU","Tessellated Darter",60,2.1,0.322219295,1.77815125,"6/7/2023","020502061207 Turtle Creek-West Branch Susquehanna River"
"349","TC0-GU","Tessellated Darter",76,3.8,0.579783597,1.880813592,"6/7/2023","020502061207 Turtle Creek-West Branch Susquehanna River"
"350","TC0-GU","Tessellated Darter",57,1.9,0.278753601,1.755874856,"6/7/2023","020502061207 Turtle Creek-West Branch Susquehanna River"
"351","TC0-GU","Tessellated Darter",64,2.5,0.397940009,1.806179974,"6/7/2023","020502061207 Turtle Creek-West Branch Susquehanna River"
"352","TC0-GU","Tessellated Darter",61,2,0.301029996,1.785329835,"6/7/2023","020502061207 Turtle Creek-West Branch Susquehanna River"
"353","TC0-GU","Tessellated Darter",64,2.9,0.462397998,1.806179974,"6/7/2023","020502061207 Turtle Creek-West Branch Susquehanna River"
"354","TC0-GU","Tessellated Darter",75,3.9,0.591064607,1.875061263,"6/7/2023","020502061207 Turtle Creek-West Branch Susquehanna River"
"355","TC0-GU","Tessellated Darter",52,1.3,0.113943352,1.716003344,"6/7/2023","020502061207 Turtle Creek-West Branch Susquehanna River"
"356","TC0-GU","Tessellated Darter",57,1.9,0.278753601,1.755874856,"6/7/2023","020502061207 Turtle Creek-West Branch Susquehanna River"
"357","TC0-GU","Tessellated Darter",59,2.1,0.322219295,1.770852012,"6/7/2023","020502061207 Turtle Creek-West Branch Susquehanna River"
"358","TC0-GU","Tessellated Darter",74,3.1,0.491361694,1.86923172,"6/7/2023","020502061207 Turtle Creek-West Branch Susquehanna River"
"359","TC0-GU","Tessellated Darter",57,1.8,0.255272505,1.755874856,"6/7/2023","020502061207 Turtle Creek-West Branch Susquehanna River"
"360","TC0-GU","Tessellated Darter",66,2.8,0.447158031,1.819543936,"6/7/2023","020502061207 Turtle Creek-West Branch Susquehanna River"
"361","TC0-GU","Tessellated Darter",68,2.9,0.462397998,1.832508913,"6/7/2023","020502061207 Turtle Creek-West Branch Susquehanna River"
"362","TC0-GU","Tessellated Darter",56,1.9,0.278753601,1.748188027,"6/7/2023","020502061207 Turtle Creek-West Branch Susquehanna River"
"363","TC0-GU","Tessellated Darter",58,2,0.301029996,1.763427994,"6/7/2023","020502061207 Turtle Creek-West Branch Susquehanna River"
"364","TC0-GU","Tessellated Darter",53,1.5,0.176091259,1.72427587,"6/7/2023","020502061207 Turtle Creek-West Branch Susquehanna River"
"365","TC0-GU","Tessellated Darter",65,2.5,0.397940009,1.812913357,"6/7/2023","020502061207 Turtle Creek-West Branch Susquehanna River"
"366","TC0-GU","Tessellated Darter",75,3.9,0.591064607,1.875061263,"6/7/2023","020502061207 Turtle Creek-West Branch Susquehanna River"
"367","TC0-GU","Tessellated Darter",72,3.4,0.531478917,1.857332496,"6/7/2023","020502061207 Turtle Creek-West Branch Susquehanna River"
"368","TC0-SB-U","Tessellated Darter",62,2.6,0.414973348,1.792391689,"6/8/2023","020502061207 Turtle Creek-West Branch Susquehanna River"
"369","TC0-SB-U","Tessellated Darter",64,2.3,0.361727836,1.806179974,"6/8/2023","020502061207 Turtle Creek-West Branch Susquehanna River"
"370","TC0-SB-U","Tessellated Darter",60,2.2,0.342422681,1.77815125,"6/8/2023","020502061207 Turtle Creek-West Branch Susquehanna River"
"371","TC0-SB-U","Tessellated Darter",60,1.9,0.278753601,1.77815125,"6/8/2023","020502061207 Turtle Creek-West Branch Susquehanna River"
"372","TC0-SB-U","Tessellated Darter",59,1.9,0.278753601,1.770852012,"6/8/2023","020502061207 Turtle Creek-West Branch Susquehanna River"
"373","TC0-SB-U","Tessellated Darter",62,2.3,0.361727836,1.792391689,"6/8/2023","020502061207 Turtle Creek-West Branch Susquehanna River"
"374","TC0-SB-U","Tessellated Darter",59,1.9,0.278753601,1.770852012,"6/8/2023","020502061207 Turtle Creek-West Branch Susquehanna River"
"375","TC0-SB-U","Tessellated Darter",50,1.2,0.079181246,1.698970004,"6/8/2023","020502061207 Turtle Creek-West Branch Susquehanna River"
"376","TC0-SB-U","Tessellated Darter",66,3,0.477121255,1.819543936,"6/8/2023","020502061207 Turtle Creek-West Branch Susquehanna River"
"377","TC0-SB-U","Tessellated Darter",56,1.8,0.255272505,1.748188027,"6/8/2023","020502061207 Turtle Creek-West Branch Susquehanna River"
"378","TC0-SB-U","Tessellated Darter",58,1.8,0.255272505,1.763427994,"6/8/2023","020502061207 Turtle Creek-West Branch Susquehanna River"
"379","TC0-SB-U","Tessellated Darter",63,2.5,0.397940009,1.799340549,"6/8/2023","020502061207 Turtle Creek-West Branch Susquehanna River"
"380","TC0-SB-U","Tessellated Darter",62,2.7,0.431363764,1.792391689,"6/8/2023","020502061207 Turtle Creek-West Branch Susquehanna River"
"381","TC0-SB-U","Tessellated Darter",57,1.9,0.278753601,1.755874856,"6/8/2023","020502061207 Turtle Creek-West Branch Susquehanna River"
"382","TC0-SB-U","Tessellated Darter",60,2.1,0.322219295,1.77815125,"6/8/2023","020502061207 Turtle Creek-West Branch Susquehanna River"
"383","TC0-SB-U","Tessellated Darter",51,1.2,0.079181246,1.707570176,"6/8/2023","020502061207 Turtle Creek-West Branch Susquehanna River"
"384","TC0-SB-U","Tessellated Darter",51,1.3,0.113943352,1.707570176,"6/8/2023","020502061207 Turtle Creek-West Branch Susquehanna River"
"385","TC0-SB-U","Tessellated Darter",61,2.2,0.342422681,1.785329835,"6/8/2023","020502061207 Turtle Creek-West Branch Susquehanna River"
"386","TC0-SB-U","Tessellated Darter",57,2,0.301029996,1.755874856,"6/8/2023","020502061207 Turtle Creek-West Branch Susquehanna River"
"387","TC0-SB-U","Tessellated Darter",58,1.8,0.255272505,1.763427994,"6/8/2023","020502061207 Turtle Creek-West Branch Susquehanna River"
"388","TC0-SB-U","Tessellated Darter",66,2.5,0.397940009,1.819543936,"6/8/2023","020502061207 Turtle Creek-West Branch Susquehanna River"
"389","TC0-SB-U","Tessellated Darter",62,2.3,0.361727836,1.792391689,"6/8/2023","020502061207 Turtle Creek-West Branch Susquehanna River"
"390","TC0-SB-U","Tessellated Darter",57,1.8,0.255272505,1.755874856,"6/8/2023","020502061207 Turtle Creek-West Branch Susquehanna River"
"391","TC0-SB-U","Tessellated Darter",76,4,0.602059991,1.880813592,"6/8/2023","020502061207 Turtle Creek-West Branch Susquehanna River"
"392","TC0-SB-U","Tessellated Darter",54,1.7,0.230448921,1.73239376,"6/8/2023","020502061207 Turtle Creek-West Branch Susquehanna River"
"393","TC0-SB-U","Tessellated Darter",65,2.3,0.361727836,1.812913357,"6/8/2023","020502061207 Turtle Creek-West Branch Susquehanna River"
"394","TC0-SB-U","Tessellated Darter",59,2.2,0.342422681,1.770852012,"6/8/2023","020502061207 Turtle Creek-West Branch Susquehanna River"
"395","TC0-SB-U","Tessellated Darter",62,2.4,0.380211242,1.792391689,"6/8/2023","020502061207 Turtle Creek-West Branch Susquehanna River"
"396","TC0-SB-U","Tessellated Darter",63,2.4,0.380211242,1.799340549,"6/8/2023","020502061207 Turtle Creek-West Branch Susquehanna River"
"397","TC0-SB-U","Tessellated Darter",54,1.4,0.146128036,1.73239376,"6/8/2023","020502061207 Turtle Creek-West Branch Susquehanna River"
"398","WF0-AM","Tessellated Darter",60,2.22,0.346352974,1.77815125,"6/3/2025","020502061207 Turtle Creek-West Branch Susquehanna River"
